1024, 0.60, 2, 361, 364
1024, 0.60, 4, 436, 440
1024, 0.60, 8, 449, 452
1024, 0.60, 16, 717, 721
2048, 0.60, 2, 1328, 1341
2048, 0.60, 4, 1363, 1376
2048, 0.60, 8, 1899, 1912
2048, 0.60, 16, 1764, 1777
4096, 0.60, 2, 6999, 7053
4096, 0.60, 4, 9836, 9871
4096, 0.60, 8, 8085, 8120
4096, 0.60, 16, 5257, 5291
7680, 0.60, 2, 23087, 23204
7680, 0.60, 4, 18109, 18224
7680, 0.60, 8, 28975, 29092
7680, 0.60, 16, 26404, 26553
10240, 0.60, 2, 42970, 43176
1024, 0.60, 2, 292, 310
1024, 0.60, 4, 618, 622
1024, 0.60, 8, 713, 717
1024, 0.60, 16, 311, 314
2048, 0.60, 2, 1073, 1083
2048, 0.60, 4, 2171, 2182
2048, 0.60, 8, 1889, 1899
2048, 0.60, 16, 1844, 1854
4096, 0.60, 2, 7368, 7403
4096, 0.60, 4, 5123, 5158
4096, 0.60, 8, 7456, 7491
4096, 0.60, 16, 7698, 7732
7680, 0.60, 2, 23420, 23536
7680, 0.60, 4, 16349, 16469
7680, 0.60, 8, 47187, 47299
7680, 0.60, 16, 18047, 18165
10240, 0.60, 2, 47120, 47325
10240, 0.60, 4, 47579, 47795
10240, 0.60, 8, 35042, 35243
10240, 0.60, 16, 86364, 86564
12800, 0.60, 2, 52315, 52645
12800, 0.60, 4, 93591, 93903
12800, 0.60, 8, 80513, 80892
12800, 0.60, 16, 132276, 132598
1024, 0.60, 2, 319, 322
1024, 0.60, 4, 360, 363
1024, 0.60, 8, 400, 403
1024, 0.60, 16, 851, 854
2048, 0.60, 2, 1861, 1871
2048, 0.60, 4, 1596, 1606
2048, 0.60, 8, 2576, 2586
2048, 0.60, 16, 2054, 2064
4096, 0.60, 2, 11344, 11381
4096, 0.60, 4, 5472, 5506
4096, 0.60, 8, 7495, 7530
4096, 0.60, 16, 12102, 12137
7680, 0.60, 2, 16805, 16924
7680, 0.60, 4, 20698, 20816
7680, 0.60, 8, 18743, 18861
7680, 0.60, 16, 47456, 47571
10240, 0.60, 2, 42372, 42582
10240, 0.60, 4, 71923, 72128
10240, 0.60, 8, 62511, 62720
10240, 0.60, 16, 48982, 49201
12800, 0.60, 2, 44148, 44474
12800, 0.60, 4, 51058, 51371
12800, 0.60, 8, 52015, 52330
12800, 0.60, 16, 114954, 115266
1024, 0.60, 2, 611, 615
1024, 0.60, 4, 468, 471
1024, 0.60, 8, 479, 483
1024, 0.60, 16, 435, 440
2048, 0.60, 2, 969, 979
2048, 0.60, 4, 1500, 1510
2048, 0.60, 8, 1798, 1808
2048, 0.60, 16, 1924, 1934
4096, 0.60, 2, 8909, 8944
4096, 0.60, 4, 5242, 5276
4096, 0.60, 8, 5290, 5324
4096, 0.60, 16, 7608, 7641
7680, 0.60, 2, 32520, 32632
7680, 0.60, 4, 24452, 24563
7680, 0.60, 8, 19214, 19332
7680, 0.60, 16, 26932, 27045
10240, 0.60, 2, 41055, 41258
10240, 0.60, 4, 43434, 43629
10240, 0.60, 8, 45831, 46029
10240, 0.60, 16, 48346, 48541
12800, 0.60, 2, 51450, 51770
12800, 0.60, 4, 71044, 71373
12800, 0.60, 8, 52572, 52888
12800, 0.60, 16, 51927, 52242
1024, 0.60, 2, 286, 290
1024, 0.60, 4, 308, 312
1024, 0.60, 8, 312, 316
1024, 0.60, 16, 490, 496
2048, 0.60, 2, 2822, 2831
2048, 0.60, 4, 1684, 1694
2048, 0.60, 8, 1732, 1741
2048, 0.60, 16, 1719, 1728
4096, 0.60, 2, 5427, 5460
4096, 0.60, 4, 6822, 6855
4096, 0.60, 8, 7975, 8009
4096, 0.60, 16, 7208, 7242
7680, 0.60, 2, 26514, 26626
7680, 0.60, 4, 24786, 24900
7680, 0.60, 8, 25286, 25400
7680, 0.60, 16, 42414, 42543
10240, 0.60, 2, 36639, 36840
10240, 0.60, 4, 69571, 69772
10240, 0.60, 8, 52801, 52997
10240, 0.60, 16, 33088, 33305
12800, 0.60, 2, 60972, 61312
12800, 0.60, 4, 52654, 52987
12800, 0.60, 8, 71718, 72026
12800, 0.60, 16, 54463, 54773
1024, 0.60, 2, 282, 286
1024, 0.60, 4, 432, 435
1024, 0.60, 8, 307, 310
1024, 0.60, 16, 309, 312
2048, 0.60, 2, 1393, 1403
2048, 0.60, 4, 1657, 1667
2048, 0.60, 8, 1888, 1898
2048, 0.60, 16, 1803, 1814
4096, 0.60, 2, 4939, 4974
4096, 0.60, 4, 7100, 7134
4096, 0.60, 8, 7461, 7496
4096, 0.60, 16, 13594, 13628
7680, 0.60, 2, 22693, 22807
7680, 0.60, 4, 18599, 18713
7680, 0.60, 8, 43021, 43134
7680, 0.60, 16, 44342, 44464
10240, 0.60, 2, 42062, 42265
10240, 0.60, 4, 47581, 47935
10240, 0.60, 8, 97252, 97533
10240, 0.60, 16, 54073, 54488
12800, 0.60, 2, 55273, 55604
12800, 0.60, 4, 61153, 61478
12800, 0.60, 8, 85474, 85803
12800, 0.60, 16, 77430, 77818
1024, 0.60, 2, 392, 396
1024, 0.60, 4, 702, 706
1024, 0.60, 8, 431, 434
1024, 0.60, 16, 462, 465
2048, 0.60, 2, 1574, 1584
2048, 0.60, 4, 2409, 2420
2048, 0.60, 8, 1764, 1774
2048, 0.60, 16, 3010, 3020
4096, 0.60, 2, 8844, 8879
4096, 0.60, 4, 6107, 6142
4096, 0.60, 8, 7382, 7416
4096, 0.60, 16, 5145, 5180
7680, 0.60, 2, 21791, 21911
7680, 0.60, 4, 24161, 24336
7680, 0.60, 8, 32862, 33088
7680, 0.60, 16, 18787, 18964
10240, 0.60, 2, 44430, 44634
10240, 0.60, 4, 63846, 64075
10240, 0.60, 8, 39231, 39436
10240, 0.60, 16, 35632, 35910
12800, 0.60, 2, 72887, 73217
12800, 0.60, 4, 87941, 88438
12800, 0.60, 8, 62646, 62959
12800, 0.60, 16, 124617, 124942
1024, 0.60, 2, 754, 758
1024, 0.60, 4, 688, 702
1024, 0.60, 8, 671, 685
1024, 0.60, 16, 903, 908
2048, 0.60, 2, 1586, 1598
2048, 0.60, 4, 2509, 2520
2048, 0.60, 8, 2278, 2289
2048, 0.60, 16, 1555, 1588
4096, 0.60, 2, 7761, 7795
4096, 0.60, 4, 6940, 6991
4096, 0.60, 8, 6660, 6695
4096, 0.60, 16, 5384, 5419
7680, 0.60, 2, 20969, 21087
7680, 0.60, 4, 29743, 29963
7680, 0.60, 8, 44720, 44837
7680, 0.60, 16, 28293, 28517
10240, 0.60, 2, 38426, 38794
10240, 0.60, 4, 40207, 40423
10240, 0.60, 8, 36753, 36962
10240, 0.60, 16, 82247, 82454
12800, 0.60, 2, 52882, 53472
12800, 0.60, 4, 57165, 57551
12800, 0.60, 8, 85231, 85811
12800, 0.60, 16, 81250, 81574
1024, 0.60, 2, 360, 365
1024, 0.60, 4, 321, 325
1024, 0.60, 8, 297, 301
1024, 0.60, 16, 936, 950
2048, 0.60, 2, 2155, 2188
2048, 0.60, 4, 2096, 2127
2048, 0.60, 8, 2422, 2438
2048, 0.60, 16, 2450, 2462
4096, 0.60, 2, 5455, 5519
4096, 0.60, 4, 7382, 7433
4096, 0.60, 8, 7763, 7798
4096, 0.60, 16, 14421, 14455
7680, 0.60, 2, 22299, 22486
7680, 0.60, 4, 20204, 20322
7680, 0.60, 8, 42452, 42660
7680, 0.60, 16, 23528, 23788
10240, 0.60, 2, 35068, 35520
10240, 0.60, 4, 69357, 69563
10240, 0.60, 8, 57991, 58196
10240, 0.60, 16, 55423, 55629
12800, 0.60, 2, 97405, 97729
12800, 0.60, 4, 63427, 63751
12800, 0.60, 8, 75679, 76002
12800, 0.60, 16, 86111, 86428
1024, 0.60, 2, 666, 670
1024, 0.60, 4, 414, 418
1024, 0.60, 8, 493, 497
1024, 0.60, 16, 310, 313
2048, 0.60, 2, 1158, 1169
2048, 0.60, 4, 1761, 1773
2048, 0.60, 8, 1339, 1350
2048, 0.60, 16, 1743, 1754
4096, 0.60, 2, 10622, 10656
4096, 0.60, 4, 8586, 8621
4096, 0.60, 8, 8146, 8181
4096, 0.60, 16, 6791, 6906
7680, 0.60, 2, 33395, 33587
7680, 0.60, 4, 39275, 39419
7680, 0.60, 8, 55553, 55672
7680, 0.60, 16, 23523, 23637
10240, 0.60, 2, 48666, 49027
10240, 0.60, 4, 64002, 64210
10240, 0.60, 8, 42162, 42682
10240, 0.60, 16, 51829, 52038
12800, 0.60, 2, 69445, 69767
12800, 0.60, 4, 87029, 87447
12800, 0.60, 8, 61184, 62019
12800, 0.60, 16, 86026, 86377
1024, 0.60, 2, 453, 457
1024, 0.60, 4, 576, 579
1024, 0.60, 8, 688, 692
1024, 0.60, 16, 611, 624
2048, 0.60, 2, 1881, 1893
2048, 0.60, 4, 2254, 2266
2048, 0.60, 8, 1874, 1888
2048, 0.60, 16, 2428, 2441
4096, 0.60, 2, 8152, 8239
4096, 0.60, 4, 12461, 12511
4096, 0.60, 8, 8307, 8342
4096, 0.60, 16, 14096, 14130
7680, 0.60, 2, 29525, 29697
7680, 0.60, 4, 25880, 26002
7680, 0.60, 8, 23667, 23786
7680, 0.60, 16, 53417, 53605
10240, 0.60, 2, 42719, 42932
10240, 0.60, 4, 34344, 34706
10240, 0.60, 8, 42683, 42889
10240, 0.60, 16, 89554, 89901
12800, 0.60, 2, 82225, 82764
12800, 0.60, 4, 76395, 76757
12800, 0.60, 8, 110819, 111155
12800, 0.60, 16, 128595, 128916
1024, 0.60, 2, 546, 560
1024, 0.60, 4, 651, 655
1024, 0.60, 8, 556, 561
1024, 0.60, 16, 306, 310
2048, 0.60, 2, 2312, 2325
2048, 0.60, 4, 2107, 2120
2048, 0.60, 8, 2409, 2421
2048, 0.60, 16, 2208, 2223
4096, 0.60, 2, 7918, 7985
4096, 0.60, 4, 6523, 6574
4096, 0.60, 8, 5401, 5435
4096, 0.60, 16, 7191, 7226
7680, 0.60, 2, 34142, 34258
7680, 0.60, 4, 23096, 23231
7680, 0.60, 8, 18969, 19100
7680, 0.60, 16, 29403, 29521
10240, 0.60, 2, 52544, 52885
10240, 0.60, 4, 63088, 63298
10240, 0.60, 8, 41198, 41530
10240, 0.60, 16, 33533, 33821
12800, 0.60, 2, 73299, 73627
12800, 0.60, 4, 89477, 90077
12800, 0.60, 8, 91616, 92106
12800, 0.60, 16, 57995, 58331
1024, 0.60, 2, 538, 542
1024, 0.60, 4, 549, 554
1024, 0.60, 8, 562, 568
1024, 0.60, 16, 496, 501
2048, 0.60, 2, 1573, 1583
2048, 0.60, 4, 2307, 2320
2048, 0.60, 8, 1800, 1822
2048, 0.60, 16, 2193, 2205
4096, 0.60, 2, 8475, 8509
4096, 0.60, 4, 7397, 7476
4096, 0.60, 8, 9194, 9232
4096, 0.60, 16, 5197, 5232
7680, 0.60, 2, 17150, 17279
7680, 0.60, 4, 48232, 48352
7680, 0.60, 8, 32098, 32288
7680, 0.60, 16, 18154, 18306
10240, 0.60, 2, 47085, 47420
10240, 0.60, 4, 74608, 74819
10240, 0.60, 8, 35311, 35691
10240, 0.60, 16, 57393, 57596
12800, 0.60, 2, 68870, 69273
12800, 0.60, 4, 88603, 89144
12800, 0.60, 8, 89686, 90071
12800, 0.60, 16, 121500, 121936
1024, 0.60, 2, 569, 572
1024, 0.60, 4, 337, 341
1024, 0.60, 8, 461, 464
1024, 0.60, 16, 847, 851
2048, 0.60, 2, 1948, 1958
2048, 0.60, 4, 1876, 1897
2048, 0.60, 8, 2939, 2953
2048, 0.60, 16, 1307, 1317
4096, 0.60, 2, 8105, 8182
4096, 0.60, 4, 7538, 7582
4096, 0.60, 8, 8523, 8557
4096, 0.60, 16, 13488, 13538
7680, 0.60, 2, 20764, 20947
7680, 0.60, 4, 28112, 28228
7680, 0.60, 8, 44202, 44420
7680, 0.60, 16, 30900, 31014
10240, 0.60, 2, 35981, 36188
10240, 0.60, 4, 38736, 39330
10240, 0.60, 8, 84075, 84350
10240, 0.60, 16, 48793, 48992
12800, 0.60, 2, 76188, 76892
12800, 0.60, 4, 53227, 53549
12800, 0.60, 8, 63760, 64075
12800, 0.60, 16, 83113, 83598
1024, 0.60, 2, 573, 577
1024, 0.60, 4, 404, 408
1024, 0.60, 8, 404, 407
1024, 0.60, 16, 743, 746
2048, 0.60, 2, 1727, 1749
2048, 0.60, 4, 2273, 2295
2048, 0.60, 8, 1313, 1323
2048, 0.60, 16, 1819, 1829
4096, 0.60, 2, 6386, 6442
4096, 0.60, 4, 9441, 9484
4096, 0.60, 8, 6641, 6677
4096, 0.60, 16, 12143, 12217
7680, 0.60, 2, 23376, 23494
7680, 0.60, 4, 20779, 20894
7680, 0.60, 8, 43066, 43185
7680, 0.60, 16, 27854, 28107
10240, 0.60, 2, 48705, 48928
10240, 0.60, 4, 35881, 36328
10240, 0.60, 8, 41023, 41374
10240, 0.60, 16, 91137, 91349
12800, 0.60, 2, 62448, 62819
12800, 0.60, 4, 84951, 86120
12800, 0.60, 8, 51800, 52193
12800, 0.60, 16, 144972, 145298
1024, 0.60, 2, 818, 822
1024, 0.60, 4, 492, 496
1024, 0.60, 8, 292, 296
1024, 0.60, 16, 441, 444
2048, 0.60, 2, 1658, 1667
2048, 0.60, 4, 2057, 2067
2048, 0.60, 8, 1894, 1904
2048, 0.60, 16, 1304, 1314
4096, 0.60, 2, 9072, 9108
4096, 0.60, 4, 7664, 7721
4096, 0.60, 8, 7434, 7511
4096, 0.60, 16, 9097, 9136
7680, 0.60, 2, 18811, 18944
7680, 0.60, 4, 23225, 23360
7680, 0.60, 8, 16214, 16401
7680, 0.60, 16, 21175, 21334
10240, 0.60, 2, 59947, 60150
10240, 0.60, 4, 41656, 41864
10240, 0.60, 8, 41392, 41604
10240, 0.60, 16, 52621, 52838
12800, 0.60, 2, 67348, 67747
12800, 0.60, 4, 107976, 108297
12800, 0.60, 8, 84592, 84948
12800, 0.60, 16, 86038, 86360
1024, 0.60, 2, 398, 402
1024, 0.60, 4, 324, 327
1024, 0.60, 8, 330, 335
1024, 0.60, 16, 430, 433
2048, 0.60, 2, 1731, 1743
2048, 0.60, 4, 2399, 2412
2048, 0.60, 8, 2923, 2935
2048, 0.60, 16, 2206, 2235
4096, 0.60, 2, 8009, 8084
4096, 0.60, 4, 9454, 9489
4096, 0.60, 8, 7497, 7575
4096, 0.60, 16, 12391, 12425
7680, 0.60, 2, 24677, 24792
7680, 0.60, 4, 27021, 27138
7680, 0.60, 8, 29684, 29805
7680, 0.60, 16, 52128, 52244
10240, 0.60, 2, 44774, 45112
10240, 0.60, 4, 77120, 77347
10240, 0.60, 8, 43835, 44074
10240, 0.60, 16, 54080, 54615
12800, 0.60, 2, 76325, 76862
12800, 0.60, 4, 116141, 116721
12800, 0.60, 8, 121238, 122021
12800, 0.60, 16, 56001, 56353
1024, 0.60, 2, 616, 621
1024, 0.60, 4, 778, 783
1024, 0.60, 8, 549, 553
1024, 0.60, 16, 817, 822
2048, 0.60, 2, 2417, 2430
2048, 0.60, 4, 2252, 2264
2048, 0.60, 8, 2026, 2036
2048, 0.60, 16, 3695, 3715
4096, 0.60, 2, 8106, 8205
4096, 0.60, 4, 7643, 7712
4096, 0.60, 8, 5538, 5572
4096, 0.60, 16, 7328, 7363
7680, 0.60, 2, 24755, 24874
7680, 0.60, 4, 27291, 27632
7680, 0.60, 8, 27311, 27577
7680, 0.60, 16, 21203, 21320
10240, 0.60, 2, 44057, 44273
10240, 0.60, 4, 79083, 79465
10240, 0.60, 8, 45885, 46414
10240, 0.60, 16, 59780, 60110
12800, 0.60, 2, 92128, 92644
12800, 0.60, 4, 63959, 64353
12800, 0.60, 8, 90408, 90737
12800, 0.60, 16, 132385, 132713
1024, 0.60, 2, 392, 396
1024, 0.60, 4, 377, 380
1024, 0.60, 8, 862, 865
1024, 0.60, 16, 320, 324
2048, 0.60, 2, 2816, 2826
2048, 0.60, 4, 2783, 2793
2048, 0.60, 8, 1775, 1785
2048, 0.60, 16, 1432, 1441
4096, 0.60, 2, 6163, 6198
4096, 0.60, 4, 7004, 7055
4096, 0.60, 8, 6549, 6601
4096, 0.60, 16, 7753, 7921
7680, 0.60, 2, 29392, 29650
7680, 0.60, 4, 18289, 18553
7680, 0.60, 8, 49178, 49323
7680, 0.60, 16, 29859, 30048
10240, 0.60, 2, 46669, 46873
10240, 0.60, 4, 34411, 34638
10240, 0.60, 8, 58410, 58838
10240, 0.60, 16, 36641, 36851
12800, 0.60, 2, 60291, 60891
12800, 0.60, 4, 84357, 84685
12800, 0.60, 8, 61958, 62281
12800, 0.60, 16, 68569, 68897
1024, 0.60, 2, 641, 646
1024, 0.60, 4, 574, 580
1024, 0.60, 8, 1064, 1083
1024, 0.60, 16, 841, 845
2048, 0.60, 2, 2226, 2239
2048, 0.60, 4, 1142, 1152
2048, 0.60, 8, 1978, 1988
2048, 0.60, 16, 1867, 1877
4096, 0.60, 2, 6546, 6580
4096, 0.60, 4, 6829, 6864
4096, 0.60, 8, 14258, 14292
4096, 0.60, 16, 9796, 9831
7680, 0.60, 2, 31481, 31660
7680, 0.60, 4, 29914, 30031
7680, 0.60, 8, 22405, 22597
7680, 0.60, 16, 32672, 32883
10240, 0.60, 2, 38244, 38551
10240, 0.60, 4, 78679, 79108
10240, 0.60, 8, 47037, 47354
10240, 0.60, 16, 49156, 49465
12800, 0.60, 2, 51711, 52040
12800, 0.60, 4, 64906, 65312
12800, 0.60, 8, 86478, 87001
12800, 0.60, 16, 86870, 87353
1024, 0.60, 2, 401, 415
1024, 0.60, 4, 269, 272
1024, 0.60, 8, 474, 477
1024, 0.60, 16, 452, 455
2048, 0.60, 2, 2287, 2296
2048, 0.60, 4, 2209, 2221
2048, 0.60, 8, 3500, 3510
2048, 0.60, 16, 1688, 1698
4096, 0.60, 2, 7080, 7143
4096, 0.60, 4, 8827, 8877
4096, 0.60, 8, 6255, 6324
4096, 0.60, 16, 14289, 14357
7680, 0.60, 2, 23155, 23276
7680, 0.60, 4, 29446, 29675
7680, 0.60, 8, 20986, 21175
7680, 0.60, 16, 20505, 20766
10240, 0.60, 2, 41256, 41560
10240, 0.60, 4, 61609, 61816
10240, 0.60, 8, 85763, 86404
10240, 0.60, 16, 36849, 37556
12800, 0.60, 2, 61321, 61643
12800, 0.60, 4, 83364, 84403
12800, 0.60, 8, 57481, 58116
12800, 0.60, 16, 153113, 153695
1024, 0.60, 2, 363, 367
1024, 0.60, 4, 501, 504
1024, 0.60, 8, 445, 458
1024, 0.60, 16, 510, 514
2048, 0.60, 2, 1462, 1472
2048, 0.60, 4, 2161, 2172
2048, 0.60, 8, 1393, 1404
2048, 0.60, 16, 1376, 1386
4096, 0.60, 2, 7300, 7336
4096, 0.60, 4, 6750, 6823
4096, 0.60, 8, 8164, 8283
4096, 0.60, 16, 14688, 14728
7680, 0.60, 2, 31429, 31678
7680, 0.60, 4, 28527, 28657
7680, 0.60, 8, 31096, 31219
7680, 0.60, 16, 25375, 25538
10240, 0.60, 2, 50035, 50439
10240, 0.60, 4, 39150, 39374
10240, 0.60, 8, 54075, 54384
10240, 0.60, 16, 41224, 42035
12800, 0.60, 2, 81323, 81799
12800, 0.60, 4, 86944, 87287
12800, 0.60, 8, 70264, 70855
12800, 0.60, 16, 65909, 66602
1024, 0.60, 2, 633, 638
1024, 0.60, 4, 788, 802
1024, 0.60, 8, 705, 719
1024, 0.60, 16, 758, 773
2048, 0.60, 2, 2122, 2133
2048, 0.60, 4, 1906, 1918
2048, 0.60, 8, 1844, 1855
2048, 0.60, 16, 1922, 1931
4096, 0.60, 2, 5268, 5320
4096, 0.60, 4, 6168, 6228
4096, 0.60, 8, 7593, 7628
4096, 0.60, 16, 8343, 8419
7680, 0.60, 2, 28713, 29002
7680, 0.60, 4, 27465, 27581
7680, 0.60, 8, 45568, 46023
7680, 0.60, 16, 32701, 32842
10240, 0.60, 2, 73396, 73608
10240, 0.60, 4, 41047, 41413
10240, 0.60, 8, 49635, 49852
10240, 0.60, 16, 49027, 49245
12800, 0.60, 2, 67559, 67883
12800, 0.60, 4, 82077, 82628
12800, 0.60, 8, 79347, 80079
12800, 0.60, 16, 137488, 138087
1024, 0.60, 2, 315, 319
1024, 0.60, 4, 280, 283
1024, 0.60, 8, 371, 375
1024, 0.60, 16, 933, 937
2048, 0.60, 2, 2423, 2433
2048, 0.60, 4, 3162, 3172
2048, 0.60, 8, 2323, 2335
2048, 0.60, 16, 2788, 2800
4096, 0.60, 2, 8362, 8428
4096, 0.60, 4, 14226, 14281
4096, 0.60, 8, 11971, 12455
4096, 0.60, 16, 9535, 9602
7680, 0.60, 2, 19038, 19209
7680, 0.60, 4, 18524, 18645
7680, 0.60, 8, 20048, 20270
7680, 0.60, 16, 30437, 30560
10240, 0.60, 2, 38487, 38697
10240, 0.60, 4, 42179, 42388
10240, 0.60, 8, 104710, 105373
10240, 0.60, 16, 36354, 36823
12800, 0.60, 2, 65821, 66169
12800, 0.60, 4, 83209, 83678
12800, 0.60, 8, 86128, 86676
12800, 0.60, 16, 148100, 148440
1024, 0.60, 2, 430, 434
1024, 0.60, 4, 507, 511
1024, 0.60, 8, 511, 515
1024, 0.60, 16, 499, 503
2048, 0.60, 2, 2175, 2185
2048, 0.60, 4, 2008, 2018
2048, 0.60, 8, 1730, 1742
2048, 0.60, 16, 1919, 1929
4096, 0.60, 2, 9489, 9526
4096, 0.60, 4, 8097, 8182
4096, 0.60, 8, 10073, 10158
4096, 0.60, 16, 8019, 8061
7680, 0.60, 2, 28048, 28168
7680, 0.60, 4, 22350, 22825
7680, 0.60, 8, 47024, 47140
7680, 0.60, 16, 23685, 23834
10240, 0.60, 2, 55483, 55692
10240, 0.60, 4, 65032, 65353
10240, 0.60, 8, 61782, 62112
10240, 0.60, 16, 46310, 46529
12800, 0.60, 2, 66821, 67337
12800, 0.60, 4, 80398, 80763
12800, 0.60, 8, 59231, 59565
12800, 0.60, 16, 93724, 94059
1024, 0.60, 2, 371, 374
1024, 0.60, 4, 283, 286
1024, 0.60, 8, 304, 307
1024, 0.60, 16, 791, 794
2048, 0.60, 2, 2831, 2840
2048, 0.60, 4, 1647, 1657
2048, 0.60, 8, 1360, 1373
2048, 0.60, 16, 3412, 3425
4096, 0.60, 2, 7667, 7710
4096, 0.60, 4, 12587, 12658
4096, 0.60, 8, 9029, 9089
4096, 0.60, 16, 15990, 16061
7680, 0.60, 2, 23497, 23620
7680, 0.60, 4, 34868, 34996
7680, 0.60, 8, 23624, 23920
7680, 0.60, 16, 20276, 20475
10240, 0.60, 2, 51410, 51626
10240, 0.60, 4, 47775, 47999
10240, 0.60, 8, 52416, 52735
10240, 0.60, 16, 57719, 58127
12800, 0.60, 2, 101872, 102200
12800, 0.60, 4, 81874, 82232
12800, 0.60, 8, 129464, 129818
12800, 0.60, 16, 88776, 89305
1024, 0.60, 2, 538, 551
1024, 0.60, 4, 621, 635
1024, 0.60, 8, 344, 348
1024, 0.60, 16, 324, 328
2048, 0.60, 2, 1531, 1543
2048, 0.60, 4, 3328, 3338
2048, 0.60, 8, 2121, 2132
2048, 0.60, 16, 1918, 1927
4096, 0.60, 2, 7317, 7397
4096, 0.60, 4, 10261, 10328
4096, 0.60, 8, 8671, 8706
4096, 0.60, 16, 13574, 13655
7680, 0.60, 2, 28671, 28860
7680, 0.60, 4, 23160, 23282
7680, 0.60, 8, 31103, 31235
7680, 0.60, 16, 31236, 31466
10240, 0.60, 2, 39315, 39548
10240, 0.60, 4, 42899, 43137
10240, 0.60, 8, 82600, 82875
10240, 0.60, 16, 53358, 53569
12800, 0.60, 2, 80532, 81175
12800, 0.60, 4, 85462, 85792
12800, 0.60, 8, 90771, 91089
12800, 0.60, 16, 88332, 88660
1024, 0.60, 2, 450, 453
1024, 0.60, 4, 409, 412
1024, 0.60, 8, 333, 336
1024, 0.60, 16, 487, 490
2048, 0.60, 2, 1778, 1787
2048, 0.60, 4, 1376, 1386
2048, 0.60, 8, 1675, 1685
2048, 0.60, 16, 3009, 3019
4096, 0.60, 2, 9657, 9735
4096, 0.60, 4, 8918, 8995
4096, 0.60, 8, 8364, 8398
4096, 0.60, 16, 7726, 7764
7680, 0.60, 2, 24658, 24779
7680, 0.60, 4, 19108, 19325
7680, 0.60, 8, 45108, 45282
7680, 0.60, 16, 32349, 32508
10240, 0.60, 2, 45030, 45234
10240, 0.60, 4, 73969, 74179
10240, 0.60, 8, 38877, 39208
10240, 0.60, 16, 59950, 60159
12800, 0.60, 2, 57802, 58187
12800, 0.60, 4, 111390, 111958
12800, 0.60, 8, 53202, 53623
12800, 0.60, 16, 89289, 89645
1024, 0.60, 2, 367, 371
1024, 0.60, 4, 520, 524
1024, 0.60, 8, 408, 411
1024, 0.60, 16, 364, 367
2048, 0.60, 2, 2088, 2097
2048, 0.60, 4, 1302, 1312
2048, 0.60, 8, 1348, 1357
2048, 0.60, 16, 1377, 1390
4096, 0.60, 2, 9078, 9131
4096, 0.60, 4, 8657, 8698
4096, 0.60, 8, 8642, 8681
4096, 0.60, 16, 7420, 7459
7680, 0.60, 2, 22934, 23062
7680, 0.60, 4, 28291, 28412
7680, 0.60, 8, 33274, 33392
7680, 0.60, 16, 29343, 29482
10240, 0.60, 2, 43571, 43772
10240, 0.60, 4, 42462, 42674
10240, 0.60, 8, 60577, 61028
10240, 0.60, 16, 57023, 57251
12800, 0.60, 2, 74757, 75450
12800, 0.60, 4, 71177, 71537
12800, 0.60, 8, 88610, 88939
12800, 0.60, 16, 79020, 79357
1024, 0.60, 2, 360, 364
1024, 0.60, 4, 332, 335
1024, 0.60, 8, 468, 472
1024, 0.60, 16, 438, 441
2048, 0.60, 2, 2311, 2321
2048, 0.60, 4, 1818, 1829
2048, 0.60, 8, 1895, 1916
2048, 0.60, 16, 1549, 1560
4096, 0.60, 2, 8161, 8230
4096, 0.60, 4, 11602, 11636
4096, 0.60, 8, 9216, 9298
4096, 0.60, 16, 10829, 10912
7680, 0.60, 2, 21541, 21792
7680, 0.60, 4, 31822, 31940
7680, 0.60, 8, 22570, 22779
7680, 0.60, 16, 43186, 43386
10240, 0.60, 2, 51733, 51974
10240, 0.60, 4, 34489, 35167
10240, 0.60, 8, 42572, 42948
10240, 0.60, 16, 53222, 53583
12800, 0.60, 2, 61743, 62328
12800, 0.60, 4, 84824, 85310
12800, 0.60, 8, 95764, 96098
12800, 0.60, 16, 82333, 82831
1024, 0.60, 2, 600, 605
1024, 0.60, 4, 491, 495
1024, 0.60, 8, 705, 708
1024, 0.60, 16, 750, 755
2048, 0.60, 2, 2157, 2170
2048, 0.60, 4, 1556, 1572
2048, 0.60, 8, 1445, 1457
2048, 0.60, 16, 1665, 1675
4096, 0.60, 2, 5603, 5637
4096, 0.60, 4, 9200, 9234
4096, 0.60, 8, 9176, 9211
4096, 0.60, 16, 8407, 8483
7680, 0.60, 2, 28184, 28453
7680, 0.60, 4, 21768, 21964
7680, 0.60, 8, 33150, 33339
7680, 0.60, 16, 30796, 30975
10240, 0.60, 2, 46298, 46506
10240, 0.60, 4, 53150, 53464
10240, 0.60, 8, 85961, 86172
10240, 0.60, 16, 88530, 88918
12800, 0.60, 2, 77407, 77997
12800, 0.60, 4, 95998, 96321
12800, 0.60, 8, 70040, 70509
12800, 0.60, 16, 86555, 86883
1024, 1.10, 2, 743, 750
1024, 1.10, 4, 890, 908
1024, 1.10, 8, 1323, 1337
1024, 1.10, 16, 984, 1004
2048, 1.10, 2, 3322, 3334
2048, 1.10, 4, 3219, 3232
2048, 1.10, 8, 3036, 3049
2048, 1.10, 16, 4381, 4394
4096, 1.10, 2, 9260, 9295
4096, 1.10, 4, 10778, 10822
4096, 1.10, 8, 12785, 12847
4096, 1.10, 16, 12175, 12252
7680, 1.10, 2, 34020, 34197
7680, 1.10, 4, 42343, 42474
7680, 1.10, 8, 41287, 41694
7680, 1.10, 16, 36029, 36235
10240, 1.10, 2, 55614, 55820
10240, 1.10, 4, 39435, 39718
10240, 1.10, 8, 72904, 73098
10240, 1.10, 16, 77138, 77355
12800, 1.10, 2, 115358, 115920
12800, 1.10, 4, 157701, 158252
12800, 1.10, 8, 73508, 74077
12800, 1.10, 16, 121358, 121964
1024, 1.10, 2, 1061, 1065
1024, 1.10, 4, 554, 568
1024, 1.10, 8, 880, 885
1024, 1.10, 16, 684, 688
2048, 1.10, 2, 2811, 2823
2048, 1.10, 4, 3940, 3950
2048, 1.10, 8, 3000, 3011
2048, 1.10, 16, 1973, 1984
4096, 1.10, 2, 10044, 10079
4096, 1.10, 4, 15229, 15264
4096, 1.10, 8, 7581, 7659
4096, 1.10, 16, 18445, 18481
7680, 1.10, 2, 25514, 25629
7680, 1.10, 4, 30046, 30305
7680, 1.10, 8, 66238, 66368
7680, 1.10, 16, 71806, 71929
10240, 1.10, 2, 48879, 49092
10240, 1.10, 4, 53298, 53672
10240, 1.10, 8, 74414, 74628
10240, 1.10, 16, 113359, 113575
12800, 1.10, 2, 73206, 73867
12800, 1.10, 4, 154682, 155154
12800, 1.10, 8, 73108, 73479
12800, 1.10, 16, 120368, 120927
1024, 1.10, 2, 630, 634
1024, 1.10, 4, 1049, 1061
1024, 1.10, 8, 383, 386
1024, 1.10, 16, 1003, 1006
2048, 1.10, 2, 3344, 3359
2048, 1.10, 4, 2940, 2954
2048, 1.10, 8, 2387, 2399
2048, 1.10, 16, 2085, 2100
4096, 1.10, 2, 11595, 11674
4096, 1.10, 4, 10634, 10667
4096, 1.10, 8, 20109, 20144
4096, 1.10, 16, 7466, 7534
7680, 1.10, 2, 40143, 40264
7680, 1.10, 4, 39323, 39439
7680, 1.10, 8, 50579, 50697
7680, 1.10, 16, 42320, 42432
10240, 1.10, 2, 79484, 79691
10240, 1.10, 4, 64785, 64982
10240, 1.10, 8, 131593, 131821
10240, 1.10, 16, 47147, 47401
12800, 1.10, 2, 171405, 171718
12800, 1.10, 4, 99377, 99695
12800, 1.10, 8, 97290, 97913
12800, 1.10, 16, 184504, 184836
1024, 1.10, 2, 659, 662
1024, 1.10, 4, 655, 659
1024, 1.10, 8, 598, 602
1024, 1.10, 16, 577, 580
2048, 1.10, 2, 2801, 2810
2048, 1.10, 4, 1658, 1668
2048, 1.10, 8, 2922, 2932
2048, 1.10, 16, 2369, 2379
4096, 1.10, 2, 10798, 10832
4096, 1.10, 4, 15465, 15540
4096, 1.10, 8, 19518, 19600
4096, 1.10, 16, 19067, 19101
7680, 1.10, 2, 37015, 37211
7680, 1.10, 4, 21151, 21386
7680, 1.10, 8, 44085, 44199
7680, 1.10, 16, 47877, 48123
10240, 1.10, 2, 46932, 47227
10240, 1.10, 4, 72319, 72731
10240, 1.10, 8, 88931, 89151
10240, 1.10, 16, 67860, 68114
12800, 1.10, 2, 119609, 120133
12800, 1.10, 4, 75852, 76176
12800, 1.10, 8, 145557, 146020
12800, 1.10, 16, 119604, 120086
1024, 1.10, 2, 480, 484
1024, 1.10, 4, 513, 517
1024, 1.10, 8, 835, 839
1024, 1.10, 16, 589, 593
2048, 1.10, 2, 2382, 2392
2048, 1.10, 4, 4426, 4436
2048, 1.10, 8, 2325, 2339
2048, 1.10, 16, 2867, 2880
4096, 1.10, 2, 11646, 11710
4096, 1.10, 4, 10251, 10329
4096, 1.10, 8, 11624, 11708
4096, 1.10, 16, 10804, 10840
7680, 1.10, 2, 43512, 43653
7680, 1.10, 4, 31149, 31311
7680, 1.10, 8, 31221, 31474
7680, 1.10, 16, 25153, 25360
10240, 1.10, 2, 52279, 52478
10240, 1.10, 4, 62684, 62896
10240, 1.10, 8, 56573, 56788
10240, 1.10, 16, 86174, 86392
12800, 1.10, 2, 110909, 111322
12800, 1.10, 4, 108098, 108417
12800, 1.10, 8, 116945, 117284
12800, 1.10, 16, 77176, 77809
1024, 1.10, 2, 1043, 1048
1024, 1.10, 4, 810, 814
1024, 1.10, 8, 936, 940
1024, 1.10, 16, 952, 957
2048, 1.10, 2, 2610, 2622
2048, 1.10, 4, 3304, 3316
2048, 1.10, 8, 3112, 3124
2048, 1.10, 16, 4651, 4673
4096, 1.10, 2, 8450, 8491
4096, 1.10, 4, 10535, 10598
4096, 1.10, 8, 7638, 7715
4096, 1.10, 16, 8694, 8734
7680, 1.10, 2, 43885, 44145
7680, 1.10, 4, 61474, 61595
7680, 1.10, 8, 77943, 78063
7680, 1.10, 16, 46155, 46272
10240, 1.10, 2, 45130, 45466
10240, 1.10, 4, 80207, 80421
10240, 1.10, 8, 44076, 44459
10240, 1.10, 16, 51562, 51766
12800, 1.10, 2, 104188, 104597
12800, 1.10, 4, 62606, 62926
12800, 1.10, 8, 116162, 116484
12800, 1.10, 16, 205182, 205851
1024, 1.10, 2, 457, 461
1024, 1.10, 4, 702, 705
1024, 1.10, 8, 607, 612
1024, 1.10, 16, 1029, 1033
2048, 1.10, 2, 2630, 2640
2048, 1.10, 4, 1435, 1445
2048, 1.10, 8, 1548, 1558
2048, 1.10, 16, 4756, 4766
4096, 1.10, 2, 11734, 11769
4096, 1.10, 4, 17259, 17295
4096, 1.10, 8, 8626, 8773
4096, 1.10, 16, 8594, 8629
7680, 1.10, 2, 34420, 34667
7680, 1.10, 4, 47710, 47852
7680, 1.10, 8, 27194, 27836
7680, 1.10, 16, 43764, 43887
10240, 1.10, 2, 47150, 47362
10240, 1.10, 4, 93530, 93927
10240, 1.10, 8, 54933, 55143
10240, 1.10, 16, 82017, 82227
12800, 1.10, 2, 83304, 83809
12800, 1.10, 4, 78346, 78674
12800, 1.10, 8, 121911, 122389
12800, 1.10, 16, 118903, 119231
1024, 1.10, 2, 830, 834
1024, 1.10, 4, 1000, 1014
1024, 1.10, 8, 639, 643
1024, 1.10, 16, 1047, 1051
2048, 1.10, 2, 2397, 2408
2048, 1.10, 4, 5792, 5804
2048, 1.10, 8, 2826, 2837
2048, 1.10, 16, 3281, 3292
4096, 1.10, 2, 12360, 12435
4096, 1.10, 4, 17638, 17696
4096, 1.10, 8, 8657, 8709
4096, 1.10, 16, 11399, 11464
7680, 1.10, 2, 20462, 20619
7680, 1.10, 4, 40302, 40437
7680, 1.10, 8, 44500, 44684
7680, 1.10, 16, 37807, 37925
10240, 1.10, 2, 75675, 75910
10240, 1.10, 4, 75886, 76083
10240, 1.10, 8, 81565, 81854
10240, 1.10, 16, 78362, 78565
12800, 1.10, 2, 103854, 104331
12800, 1.10, 4, 115108, 115425
12800, 1.10, 8, 74917, 75220
12800, 1.10, 16, 113212, 113585
1024, 1.10, 2, 429, 433
1024, 1.10, 4, 690, 694
1024, 1.10, 8, 1027, 1031
1024, 1.10, 16, 358, 361
2048, 1.10, 2, 2148, 2160
2048, 1.10, 4, 3616, 3626
2048, 1.10, 8, 2764, 2777
2048, 1.10, 16, 3375, 3387
4096, 1.10, 2, 11204, 11253
4096, 1.10, 4, 11466, 11501
1024, 0.60, 2, 376, 379
1024, 0.60, 4, 333, 336
1024, 0.60, 8, 441, 445
1024, 0.60, 16, 741, 745
2048, 0.60, 2, 1445, 1456
2048, 0.60, 4, 1470, 1480
2048, 0.60, 8, 1697, 1706
2048, 0.60, 16, 1730, 1740
4096, 0.60, 2, 4766, 4799
4096, 0.60, 4, 6430, 6465
4096, 0.60, 8, 6912, 6946
4096, 0.60, 16, 7664, 7698
7680, 0.60, 2, 18755, 18871
7680, 0.60, 4, 21262, 21379
7680, 0.60, 8, 26460, 26577
7680, 0.60, 16, 48172, 48294
10240, 0.60, 2, 30233, 30445
10240, 0.60, 4, 29915, 30114
10240, 0.60, 8, 33635, 33829
10240, 0.60, 16, 31996, 32185
12800, 0.60, 2, 99692, 100018
12800, 0.60, 4, 51350, 51653
12800, 0.60, 8, 143339, 143650
12800, 0.60, 16, 56327, 56641
1024, 0.60, 2, 297, 300
1024, 0.60, 4, 297, 300
1024, 0.60, 8, 332, 336
1024, 0.60, 16, 462, 465
2048, 0.60, 2, 1406, 1415
2048, 0.60, 4, 1244, 1254
2048, 0.60, 8, 1711, 1720
2048, 0.60, 16, 1253, 1262
4096, 0.60, 2, 4713, 4746
4096, 0.60, 4, 5972, 6006
4096, 0.60, 8, 6765, 6799
4096, 0.60, 16, 7625, 7660
7680, 0.60, 2, 20837, 20954
7680, 0.60, 4, 32687, 32800
7680, 0.60, 8, 26189, 26297
7680, 0.60, 16, 18494, 18606
10240, 0.60, 2, 47970, 48161
10240, 0.60, 4, 55839, 56037
10240, 0.60, 8, 89694, 89891
10240, 0.60, 16, 43976, 44169
12800, 0.60, 2, 69625, 69925
12800, 0.60, 4, 44322, 44624
12800, 0.60, 8, 74840, 75425
12800, 0.60, 16, 74936, 75250
1024, 0.60, 2, 552, 557
1024, 0.60, 4, 321, 324
1024, 0.60, 8, 427, 432
1024, 0.60, 16, 292, 297
2048, 0.60, 2, 2001, 2013
2048, 0.60, 4, 1035, 1045
2048, 0.60, 8, 3303, 3313
2048, 0.60, 16, 1716, 1726
4096, 0.60, 2, 5794, 5829
4096, 0.60, 4, 5960, 5997
4096, 0.60, 8, 13146, 13181
4096, 0.60, 16, 7836, 7871
7680, 0.60, 2, 20101, 20225
7680, 0.60, 4, 31913, 32028
7680, 0.60, 8, 27609, 27720
7680, 0.60, 16, 18326, 18436
10240, 0.60, 2, 50523, 50727
10240, 0.60, 4, 32545, 32739
10240, 0.60, 8, 45230, 45426
10240, 0.60, 16, 49562, 49767
12800, 0.60, 2, 50342, 50652
12800, 0.60, 4, 79858, 80167
12800, 0.60, 8, 127015, 127334
12800, 0.60, 16, 70958, 71281
1024, 0.60, 2, 386, 390
1024, 0.60, 4, 639, 642
1024, 0.60, 8, 735, 739
1024, 0.60, 16, 338, 341
2048, 0.60, 2, 1225, 1235
2048, 0.60, 4, 2137, 2147
2048, 0.60, 8, 3647, 3657
2048, 0.60, 16, 1266, 1276
4096, 0.60, 2, 5577, 5611
4096, 0.60, 4, 5818, 5854
4096, 0.60, 8, 11687, 11722
4096, 0.60, 16, 7696, 7731
7680, 0.60, 2, 27278, 27412
7680, 0.60, 4, 30191, 30307
7680, 0.60, 8, 29049, 29169
7680, 0.60, 16, 18034, 18154
10240, 0.60, 2, 60169, 60374
10240, 0.60, 4, 43534, 43737
10240, 0.60, 8, 42226, 42435
10240, 0.60, 16, 49667, 49874
12800, 0.60, 2, 67015, 67326
12800, 0.60, 4, 49845, 50185
12800, 0.60, 8, 64152, 64473
12800, 0.60, 16, 77406, 77728
1024, 0.60, 2, 349, 353
1024, 0.60, 4, 603, 606
1024, 0.60, 8, 492, 495
1024, 0.60, 16, 775, 778
2048, 0.60, 2, 1083, 1093
2048, 0.60, 4, 3060, 3071
2048, 0.60, 8, 1327, 1338
2048, 0.60, 16, 2923, 2933
4096, 0.60, 2, 7589, 7624
4096, 0.60, 4, 4575, 4609
4096, 0.60, 8, 8695, 8731
4096, 0.60, 16, 8247, 8283
7680, 0.60, 2, 21502, 21625
7680, 0.60, 4, 33425, 33545
7680, 0.60, 8, 21618, 21736
7680, 0.60, 16, 41366, 41476
10240, 0.60, 2, 29746, 29946
10240, 0.60, 4, 30155, 30359
10240, 0.60, 8, 44265, 44467
10240, 0.60, 16, 48099, 48303
12800, 0.60, 2, 53498, 53821
12800, 0.60, 4, 68563, 68887
12800, 0.60, 8, 129041, 129366
12800, 0.60, 16, 76218, 76539
1024, 0.60, 2, 353, 357
1024, 0.60, 4, 295, 299
1024, 0.60, 8, 485, 488
1024, 0.60, 16, 429, 432
2048, 0.60, 2, 1557, 1567
2048, 0.60, 4, 1767, 1777
2048, 0.60, 8, 3032, 3042
2048, 0.60, 16, 1249, 1263
4096, 0.60, 2, 6623, 6657
4096, 0.60, 4, 9024, 9070
4096, 0.60, 8, 7950, 7986
4096, 0.60, 16, 12507, 12539
7680, 0.60, 2, 17141, 17264
7680, 0.60, 4, 24314, 24433
7680, 0.60, 8, 28267, 28396
7680, 0.60, 16, 18612, 18744
10240, 0.60, 2, 43220, 43418
10240, 0.60, 4, 38990, 39196
10240, 0.60, 8, 42863, 43069
10240, 0.60, 16, 49449, 49643
12800, 0.60, 2, 57041, 57374
12800, 0.60, 4, 49690, 50012
12800, 0.60, 8, 100846, 101175
12800, 0.60, 16, 53867, 54197
1024, 0.60, 2, 631, 635
1024, 0.60, 4, 323, 327
1024, 0.60, 8, 328, 331
1024, 0.60, 16, 430, 434
2048, 0.60, 2, 1541, 1551
2048, 0.60, 4, 1745, 1757
2048, 0.60, 8, 1855, 1865
2048, 0.60, 16, 1330, 1341
4096, 0.60, 2, 5117, 5153
4096, 0.60, 4, 7130, 7168
4096, 0.60, 8, 5358, 5393
4096, 0.60, 16, 7830, 7868
7680, 0.60, 2, 20036, 20160
7680, 0.60, 4, 18393, 18504
7680, 0.60, 8, 43312, 43485
7680, 0.60, 16, 27644, 27757
10240, 0.60, 2, 27637, 27825
10240, 0.60, 4, 44773, 44972
10240, 0.60, 8, 51024, 51215
10240, 0.60, 16, 47698, 47899
12800, 0.60, 2, 51148, 51456
12800, 0.60, 4, 71948, 72252
12800, 0.60, 8, 139255, 139561
12800, 0.60, 16, 74443, 74748
1024, 0.60, 2, 325, 329
1024, 0.60, 4, 303, 308
1024, 0.60, 8, 478, 481
1024, 0.60, 16, 434, 438
2048, 0.60, 2, 1062, 1073
2048, 0.60, 4, 2639, 2649
2048, 0.60, 8, 1865, 1875
2048, 0.60, 16, 1800, 1810
4096, 0.60, 2, 4443, 4477
4096, 0.60, 4, 7630, 7665
4096, 0.60, 8, 7975, 8015
4096, 0.60, 16, 7602, 7635
7680, 0.60, 2, 17673, 17790
7680, 0.60, 4, 26380, 26499
7680, 0.60, 8, 42257, 42367
7680, 0.60, 16, 28007, 28118
10240, 0.60, 2, 27594, 27784
10240, 0.60, 4, 44671, 44862
10240, 0.60, 8, 88706, 88897
10240, 0.60, 16, 49876, 50069
12800, 0.60, 2, 49635, 49953
12800, 0.60, 4, 49595, 49904
12800, 0.60, 8, 144731, 145050
12800, 0.60, 16, 72629, 72942
1024, 0.60, 2, 965, 968
1024, 0.60, 4, 312, 315
1024, 0.60, 8, 401, 405
1024, 0.60, 16, 469, 473
2048, 0.60, 2, 1939, 1950
2048, 0.60, 4, 1781, 1791
2048, 0.60, 8, 1734, 1743
2048, 0.60, 16, 1812, 1822
4096, 0.60, 2, 9266, 9301
4096, 0.60, 4, 8320, 8353
4096, 0.60, 8, 5327, 5361
4096, 0.60, 16, 13403, 13437
7680, 0.60, 2, 20474, 20589
7680, 0.60, 4, 17440, 17552
7680, 0.60, 8, 29047, 29161
7680, 0.60, 16, 39833, 39952
10240, 0.60, 2, 31815, 32021
10240, 0.60, 4, 52284, 52481
10240, 0.60, 8, 52460, 52666
10240, 0.60, 16, 50016, 50222
12800, 0.60, 2, 51892, 52195
12800, 0.60, 4, 70862, 71186
12800, 0.60, 8, 116918, 117242
12800, 0.60, 16, 78165, 78479
1024, 0.60, 2, 452, 456
1024, 0.60, 4, 770, 774
1024, 0.60, 8, 714, 718
1024, 0.60, 16, 435, 438
2048, 0.60, 2, 1191, 1200
2048, 0.60, 4, 1870, 1880
2048, 0.60, 8, 1902, 1911
2048, 0.60, 16, 3364, 3374
4096, 0.60, 2, 5681, 5715
4096, 0.60, 4, 5337, 5371
4096, 0.60, 8, 8196, 8231
4096, 0.60, 16, 7641, 7675
7680, 0.60, 2, 25922, 26045
7680, 0.60, 4, 26199, 26311
7680, 0.60, 8, 28776, 28888
7680, 0.60, 16, 18597, 18711
10240, 0.60, 2, 28580, 28782
10240, 0.60, 4, 34402, 34610
10240, 0.60, 8, 46900, 47103
10240, 0.60, 16, 51043, 51246
12800, 0.60, 2, 51734, 52038
12800, 0.60, 4, 51611, 51925
12800, 0.60, 8, 128189, 128503
12800, 0.60, 16, 79191, 79512
1024, 0.60, 2, 907, 911
1024, 0.60, 4, 331, 335
1024, 0.60, 8, 450, 453
1024, 0.60, 16, 473, 477
2048, 0.60, 2, 2257, 2267
2048, 0.60, 4, 1861, 1871
2048, 0.60, 8, 3696, 3705
2048, 0.60, 16, 1824, 1834
4096, 0.60, 2, 5455, 5489
4096, 0.60, 4, 7342, 7376
4096, 0.60, 8, 7912, 7946
4096, 0.60, 16, 6978, 7013
7680, 0.60, 2, 18351, 18467
7680, 0.60, 4, 27304, 27423
7680, 0.60, 8, 27001, 27117
7680, 0.60, 16, 18048, 18164
10240, 0.60, 2, 30293, 30496
10240, 0.60, 4, 31868, 32066
10240, 0.60, 8, 48725, 48930
10240, 0.60, 16, 47459, 47661
12800, 0.60, 2, 60019, 60330
12800, 0.60, 4, 104642, 104945
12800, 0.60, 8, 81271, 81590
12800, 0.60, 16, 51135, 51450
1024, 0.60, 2, 367, 371
1024, 0.60, 4, 420, 423
1024, 0.60, 8, 729, 732
1024, 0.60, 16, 422, 425
2048, 0.60, 2, 1588, 1598
2048, 0.60, 4, 2904, 2913
2048, 0.60, 8, 1930, 1940
2048, 0.60, 16, 1875, 1884
4096, 0.60, 2, 6561, 6596
4096, 0.60, 4, 5502, 5537
4096, 0.60, 8, 5269, 5303
4096, 0.60, 16, 7017, 7060
7680, 0.60, 2, 20610, 20768
7680, 0.60, 4, 18612, 18725
7680, 0.60, 8, 28138, 28251
7680, 0.60, 16, 28380, 28494
10240, 0.60, 2, 32462, 32717
10240, 0.60, 4, 39769, 39967
10240, 0.60, 8, 48750, 48949
10240, 0.60, 16, 46524, 46723
12800, 0.60, 2, 52097, 52400
12800, 0.60, 4, 137273, 137594
12800, 0.60, 8, 77891, 78200
12800, 0.60, 16, 53108, 53416
1024, 0.60, 2, 333, 337
1024, 0.60, 4, 690, 694
1024, 0.60, 8, 735, 739
1024, 0.60, 16, 839, 843
2048, 0.60, 2, 1558, 1569
2048, 0.60, 4, 1690, 1700
2048, 0.60, 8, 1712, 1723
2048, 0.60, 16, 1909, 1920
4096, 0.60, 2, 5904, 5938
4096, 0.60, 4, 12787, 12822
4096, 0.60, 8, 7095, 7129
4096, 0.60, 16, 12001, 12035
7680, 0.60, 2, 18515, 18668
7680, 0.60, 4, 19214, 19328
7680, 0.60, 8, 43638, 43752
7680, 0.60, 16, 26973, 27085
10240, 0.60, 2, 38130, 38334
10240, 0.60, 4, 34287, 34493
10240, 0.60, 8, 34824, 35036
10240, 0.60, 16, 46021, 46219
12800, 0.60, 2, 44774, 45108
12800, 0.60, 4, 67372, 67688
12800, 0.60, 8, 70711, 71041
12800, 0.60, 16, 71544, 71862
1024, 0.60, 2, 485, 488
1024, 0.60, 4, 403, 407
1024, 0.60, 8, 458, 468
1024, 0.60, 16, 449, 452
2048, 0.60, 2, 2655, 2665
2048, 0.60, 4, 1433, 1443
2048, 0.60, 8, 1883, 1893
2048, 0.60, 16, 1931, 1941
4096, 0.60, 2, 5707, 5741
4096, 0.60, 4, 9720, 9755
4096, 0.60, 8, 14547, 14581
4096, 0.60, 16, 7229, 7264
7680, 0.60, 2, 30835, 30955
7680, 0.60, 4, 28230, 28347
7680, 0.60, 8, 29310, 29427
7680, 0.60, 16, 18044, 18160
10240, 0.60, 2, 37185, 37393
10240, 0.60, 4, 37207, 37417
10240, 0.60, 8, 33751, 33951
10240, 0.60, 16, 49173, 49377
12800, 0.60, 2, 49027, 49339
12800, 0.60, 4, 66565, 66888
12800, 0.60, 8, 50444, 50761
12800, 0.60, 16, 72416, 72727
1024, 0.60, 2, 431, 435
1024, 0.60, 4, 314, 317
1024, 0.60, 8, 714, 718
1024, 0.60, 16, 307, 311
2048, 0.60, 2, 2659, 2668
2048, 0.60, 4, 1592, 1602
2048, 0.60, 8, 1243, 1253
2048, 0.60, 16, 1257, 1267
4096, 0.60, 2, 5908, 5943
4096, 0.60, 4, 7542, 7577
4096, 0.60, 8, 7549, 7584
4096, 0.60, 16, 5141, 5177
7680, 0.60, 2, 17897, 18018
7680, 0.60, 4, 28540, 28657
7680, 0.60, 8, 28201, 28316
7680, 0.60, 16, 25879, 25991
10240, 0.60, 2, 37231, 37437
10240, 0.60, 4, 50238, 50441
10240, 0.60, 8, 33988, 34304
10240, 0.60, 16, 48787, 48995
12800, 0.60, 2, 51841, 52172
12800, 0.60, 4, 73843, 74177
12800, 0.60, 8, 122511, 122826
12800, 0.60, 16, 77462, 77778
1024, 0.60, 2, 455, 458
1024, 0.60, 4, 443, 446
1024, 0.60, 8, 321, 324
1024, 0.60, 16, 426, 429
2048, 0.60, 2, 1997, 2008
2048, 0.60, 4, 1313, 1323
2048, 0.60, 8, 1279, 1289
2048, 0.60, 16, 3048, 3057
4096, 0.60, 2, 5246, 5281
4096, 0.60, 4, 7267, 7302
4096, 0.60, 8, 5260, 5303
4096, 0.60, 16, 7397, 7432
7680, 0.60, 2, 24353, 24470
7680, 0.60, 4, 25331, 25456
7680, 0.60, 8, 47474, 47591
7680, 0.60, 16, 42338, 42454
10240, 0.60, 2, 35795, 35991
10240, 0.60, 4, 35990, 36194
10240, 0.60, 8, 46814, 47023
10240, 0.60, 16, 44730, 44935
12800, 0.60, 2, 54607, 54922
12800, 0.60, 4, 53561, 53886
12800, 0.60, 8, 121157, 121479
12800, 0.60, 16, 52536, 52867
1024, 0.60, 2, 979, 982
1024, 0.60, 4, 774, 777
1024, 0.60, 8, 485, 488
1024, 0.60, 16, 472, 476
2048, 0.60, 2, 1482, 1492
2048, 0.60, 4, 1796, 1806
2048, 0.60, 8, 1816, 1826
2048, 0.60, 16, 1411, 1422
4096, 0.60, 2, 8444, 8478
4096, 0.60, 4, 7580, 7614
4096, 0.60, 8, 5297, 5331
4096, 0.60, 16, 7780, 7816
7680, 0.60, 2, 18205, 18327
7680, 0.60, 4, 24076, 24189
7680, 0.60, 8, 36183, 36298
7680, 0.60, 16, 25461, 25573
10240, 0.60, 2, 37372, 37576
10240, 0.60, 4, 44695, 44902
10240, 0.60, 8, 37443, 37646
10240, 0.60, 16, 45931, 46166
12800, 0.60, 2, 62103, 62437
12800, 0.60, 4, 86328, 86648
12800, 0.60, 8, 67250, 67581
12800, 0.60, 16, 77384, 77707
1024, 0.60, 2, 288, 291
1024, 0.60, 4, 327, 331
1024, 0.60, 8, 348, 361
1024, 0.60, 16, 855, 858
2048, 0.60, 2, 2842, 2852
2048, 0.60, 4, 2351, 2361
2048, 0.60, 8, 1935, 1946
2048, 0.60, 16, 1262, 1272
4096, 0.60, 2, 7792, 7827
4096, 0.60, 4, 5949, 5984
4096, 0.60, 8, 4903, 4938
4096, 0.60, 16, 12234, 12269
7680, 0.60, 2, 18219, 18336
7680, 0.60, 4, 21962, 22080
7680, 0.60, 8, 17841, 17958
7680, 0.60, 16, 18830, 18951
10240, 0.60, 2, 51453, 51663
10240, 0.60, 4, 34958, 35168
10240, 0.60, 8, 72795, 73004
10240, 0.60, 16, 47720, 47924
12800, 0.60, 2, 67731, 68058
12800, 0.60, 4, 64532, 64869
12800, 0.60, 8, 63965, 64290
12800, 0.60, 16, 76493, 76803
1024, 0.60, 2, 349, 353
1024, 0.60, 4, 734, 737
1024, 0.60, 8, 762, 765
1024, 0.60, 16, 293, 297
2048, 0.60, 2, 1067, 1077
2048, 0.60, 4, 1122, 1143
2048, 0.60, 8, 1176, 1186
2048, 0.60, 16, 2901, 2911
4096, 0.60, 2, 4867, 4902
4096, 0.60, 4, 9410, 9446
4096, 0.60, 8, 5029, 5065
4096, 0.60, 16, 7315, 7351
7680, 0.60, 2, 30638, 30758
7680, 0.60, 4, 16335, 16506
7680, 0.60, 8, 25184, 25300
7680, 0.60, 16, 43157, 43273
10240, 0.60, 2, 49420, 49624
10240, 0.60, 4, 52611, 52815
10240, 0.60, 8, 32977, 33193
10240, 0.60, 16, 87711, 87916
12800, 0.60, 2, 83162, 83478
12800, 0.60, 4, 97448, 97766
12800, 0.60, 8, 49657, 49982
12800, 0.60, 16, 72462, 72790
1024, 0.60, 2, 403, 406
1024, 0.60, 4, 465, 468
1024, 0.60, 8, 480, 483
1024, 0.60, 16, 471, 475
2048, 0.60, 2, 1553, 1563
2048, 0.60, 4, 1736, 1745
2048, 0.60, 8, 1822, 1832
2048, 0.60, 16, 1806, 1815
4096, 0.60, 2, 7683, 7718
4096, 0.60, 4, 8588, 8625
4096, 0.60, 8, 8008, 8044
4096, 0.60, 16, 7845, 7880
7680, 0.60, 2, 19942, 20062
7680, 0.60, 4, 37244, 37358
7680, 0.60, 8, 29705, 29818
7680, 0.60, 16, 26238, 26357
10240, 0.60, 2, 45734, 45947
10240, 0.60, 4, 36030, 36245
10240, 0.60, 8, 44857, 45070
10240, 0.60, 16, 34252, 34469
12800, 0.60, 2, 48005, 48345
12800, 0.60, 4, 71984, 72323
12800, 0.60, 8, 53954, 54270
12800, 0.60, 16, 77049, 77379
1024, 0.60, 2, 498, 501
1024, 0.60, 4, 569, 572
1024, 0.60, 8, 422, 426
1024, 0.60, 16, 723, 727
2048, 0.60, 2, 1292, 1302
2048, 0.60, 4, 2259, 2268
2048, 0.60, 8, 1913, 1924
2048, 0.60, 16, 1261, 1271
4096, 0.60, 2, 5021, 5056
4096, 0.60, 4, 6684, 6720
4096, 0.60, 8, 5752, 5788
4096, 0.60, 16, 7425, 7460
7680, 0.60, 2, 24861, 24978
7680, 0.60, 4, 20160, 20279
7680, 0.60, 8, 26329, 26447
7680, 0.60, 16, 49367, 49498
10240, 0.60, 2, 52378, 52584
10240, 0.60, 4, 62604, 62813
10240, 0.60, 8, 44015, 44221
10240, 0.60, 16, 45766, 45974
12800, 0.60, 2, 85752, 86053
12800, 0.60, 4, 46153, 46454
12800, 0.60, 8, 56158, 56483
12800, 0.60, 16, 55737, 56057
1024, 0.60, 2, 433, 437
1024, 0.60, 4, 648, 651
1024, 0.60, 8, 478, 481
1024, 0.60, 16, 736, 739
2048, 0.60, 2, 1788, 1798
2048, 0.60, 4, 2025, 2035
2048, 0.60, 8, 1853, 1863
2048, 0.60, 16, 1860, 1869
4096, 0.60, 2, 5624, 5656
4096, 0.60, 4, 6230, 6267
4096, 0.60, 8, 7140, 7178
4096, 0.60, 16, 7270, 7319
7680, 0.60, 2, 26056, 26173
7680, 0.60, 4, 18480, 18590
7680, 0.60, 8, 28533, 28646
7680, 0.60, 16, 47393, 47507
10240, 0.60, 2, 43484, 43689
10240, 0.60, 4, 73148, 73351
10240, 0.60, 8, 51712, 51918
10240, 0.60, 16, 49530, 49735
12800, 0.60, 2, 66490, 66788
12800, 0.60, 4, 72462, 72794
12800, 0.60, 8, 53625, 53953
12800, 0.60, 16, 117103, 117435
1024, 0.60, 2, 283, 287
1024, 0.60, 4, 391, 395
1024, 0.60, 8, 417, 420
1024, 0.60, 16, 465, 469
2048, 0.60, 2, 1321, 1331
2048, 0.60, 4, 2951, 2961
2048, 0.60, 8, 2804, 2814
2048, 0.60, 16, 1197, 1208
4096, 0.60, 2, 5001, 5036
4096, 0.60, 4, 11556, 11589
4096, 0.60, 8, 5248, 5286
4096, 0.60, 16, 7444, 7490
7680, 0.60, 2, 20529, 20640
7680, 0.60, 4, 42828, 42940
7680, 0.60, 8, 50871, 50984
7680, 0.60, 16, 39201, 39320
10240, 0.60, 2, 36931, 37140
10240, 0.60, 4, 40572, 40781
10240, 0.60, 8, 44988, 45195
10240, 0.60, 16, 73094, 73290
12800, 0.60, 2, 57955, 58279
12800, 0.60, 4, 72060, 72355
12800, 0.60, 8, 72336, 72631
12800, 0.60, 16, 80003, 80319
1024, 0.60, 2, 409, 413
1024, 0.60, 4, 297, 300
1024, 0.60, 8, 423, 426
1024, 0.60, 16, 484, 490
2048, 0.60, 2, 1479, 1489
2048, 0.60, 4, 1714, 1724
2048, 0.60, 8, 2757, 2767
2048, 0.60, 16, 1391, 1402
4096, 0.60, 2, 4601, 4638
4096, 0.60, 4, 11753, 11787
4096, 0.60, 8, 7604, 7640
4096, 0.60, 16, 7006, 7041
7680, 0.60, 2, 25662, 25779
7680, 0.60, 4, 27053, 27171
7680, 0.60, 8, 28038, 28154
7680, 0.60, 16, 42801, 42922
10240, 0.60, 2, 87348, 87546
10240, 0.60, 4, 31848, 32056
10240, 0.60, 8, 49733, 49940
10240, 0.60, 16, 73821, 74022
12800, 0.60, 2, 75804, 76123
12800, 0.60, 4, 69837, 70136
12800, 0.60, 8, 69682, 70007
12800, 0.60, 16, 115070, 115437
1024, 0.60, 2, 418, 422
1024, 0.60, 4, 319, 323
1024, 0.60, 8, 425, 429
1024, 0.60, 16, 308, 311
2048, 0.60, 2, 2815, 2824
2048, 0.60, 4, 1824, 1834
2048, 0.60, 8, 1979, 1989
2048, 0.60, 16, 1814, 1824
4096, 0.60, 2, 5299, 5335
4096, 0.60, 4, 5049, 5083
4096, 0.60, 8, 12400, 12433
4096, 0.60, 16, 7780, 7816
7680, 0.60, 2, 29156, 29267
7680, 0.60, 4, 45464, 45582
7680, 0.60, 8, 28191, 28314
7680, 0.60, 16, 26086, 26204
10240, 0.60, 2, 39504, 39700
10240, 0.60, 4, 49449, 49663
10240, 0.60, 8, 50852, 51055
10240, 0.60, 16, 34847, 35063
12800, 0.60, 2, 72546, 72870
12800, 0.60, 4, 129467, 129793
12800, 0.60, 8, 145772, 146076
12800, 0.60, 16, 78467, 78786
1024, 0.60, 2, 430, 433
1024, 0.60, 4, 337, 341
1024, 0.60, 8, 435, 438
1024, 0.60, 16, 319, 322
2048, 0.60, 2, 1768, 1778
2048, 0.60, 4, 2837, 2846
2048, 0.60, 8, 1911, 1922
2048, 0.60, 16, 1214, 1224
4096, 0.60, 2, 6579, 6613
4096, 0.60, 4, 6458, 6490
4096, 0.60, 8, 14427, 14463
4096, 0.60, 16, 7385, 7421
7680, 0.60, 2, 19697, 19815
7680, 0.60, 4, 27952, 28077
7680, 0.60, 8, 40342, 40456
7680, 0.60, 16, 26504, 26623
10240, 0.60, 2, 32251, 32453
10240, 0.60, 4, 31332, 31541
10240, 0.60, 8, 48611, 48816
10240, 0.60, 16, 32717, 32924
12800, 0.60, 2, 93584, 93907
12800, 0.60, 4, 74791, 75116
12800, 0.60, 8, 68631, 68936
12800, 0.60, 16, 138424, 138719
1024, 0.60, 2, 313, 317
1024, 0.60, 4, 454, 457
1024, 0.60, 8, 496, 500
1024, 0.60, 16, 294, 297
2048, 0.60, 2, 1587, 1596
2048, 0.60, 4, 1514, 1524
2048, 0.60, 8, 1226, 1237
2048, 0.60, 16, 1728, 1738
4096, 0.60, 2, 5953, 5985
4096, 0.60, 4, 7294, 7329
4096, 0.60, 8, 11904, 11938
4096, 0.60, 16, 7372, 7413
7680, 0.60, 2, 15714, 15829
7680, 0.60, 4, 19516, 19628
7680, 0.60, 8, 18556, 18672
7680, 0.60, 16, 49134, 49255
10240, 0.60, 2, 61555, 61793
10240, 0.60, 4, 70941, 71141
10240, 0.60, 8, 48460, 48658
10240, 0.60, 16, 72152, 72352
12800, 0.60, 2, 51987, 52346
12800, 0.60, 4, 110668, 110982
12800, 0.60, 8, 124371, 124686
12800, 0.60, 16, 141213, 141520
1024, 0.60, 2, 407, 411
1024, 0.60, 4, 491, 495
1024, 0.60, 8, 881, 885
1024, 0.60, 16, 304, 307
2048, 0.60, 2, 1923, 1933
2048, 0.60, 4, 1950, 1960
2048, 0.60, 8, 2889, 2899
2048, 0.60, 16, 1196, 1206
4096, 0.60, 2, 5230, 5264
4096, 0.60, 4, 12218, 12252
4096, 0.60, 8, 6753, 6788
4096, 0.60, 16, 7737, 7771
7680, 0.60, 2, 42599, 42713
7680, 0.60, 4, 22325, 22438
7680, 0.60, 8, 26501, 26615
7680, 0.60, 16, 18248, 18362
10240, 0.60, 2, 32932, 33130
10240, 0.60, 4, 50473, 50672
10240, 0.60, 8, 50070, 50272
10240, 0.60, 16, 43772, 43976
12800, 0.60, 2, 58957, 59270
12800, 0.60, 4, 68033, 68346
12800, 0.60, 8, 72460, 72775
12800, 0.60, 16, 53339, 53651
1024, 0.60, 2, 434, 437
1024, 0.60, 4, 433, 436
1024, 0.60, 8, 327, 330
1024, 0.60, 16, 299, 303
2048, 0.60, 2, 1383, 1393
2048, 0.60, 4, 1615, 1625
2048, 0.60, 8, 1701, 1711
2048, 0.60, 16, 1713, 1723
4096, 0.60, 2, 5783, 5817
4096, 0.60, 4, 5571, 5604
4096, 0.60, 8, 7939, 7970
4096, 0.60, 16, 7615, 7648
7680, 0.60, 2, 16728, 16842
7680, 0.60, 4, 22536, 22647
7680, 0.60, 8, 28179, 28293
7680, 0.60, 16, 27372, 27488
10240, 0.60, 2, 60320, 60522
10240, 0.60, 4, 36116, 36319
10240, 0.60, 8, 33912, 34114
10240, 0.60, 16, 48077, 48273
12800, 0.60, 2, 93210, 93525
12800, 0.60, 4, 61491, 61807
12800, 0.60, 8, 72685, 72998
12800, 0.60, 16, 69934, 70258
1024, 0.60, 2, 280, 283
1024, 0.60, 4, 706, 709
1024, 0.60, 8, 319, 323
1024, 0.60, 16, 432, 436
2048, 0.60, 2, 1105, 1115
2048, 0.60, 4, 1839, 1849
2048, 0.60, 8, 1945, 1955
2048, 0.60, 16, 1790, 1800
4096, 0.60, 2, 6137, 6172
4096, 0.60, 4, 5383, 5416
4096, 0.60, 8, 7079, 7113
4096, 0.60, 16, 7198, 7231
7680, 0.60, 2, 17242, 17364
7680, 0.60, 4, 26556, 26673
7680, 0.60, 8, 19369, 19480
7680, 0.60, 16, 24650, 24763
10240, 0.60, 2, 31349, 31545
10240, 0.60, 4, 31674, 31873
10240, 0.60, 8, 47527, 47723
10240, 0.60, 16, 89293, 89488
12800, 0.60, 2, 73986, 74302
12800, 0.60, 4, 61968, 62276
12800, 0.60, 8, 53104, 53413
12800, 0.60, 16, 143120, 143440
1024, 1.10, 2, 776, 780
1024, 1.10, 4, 393, 397
1024, 1.10, 8, 1246, 1249
1024, 1.10, 16, 1227, 1231
2048, 1.10, 2, 3692, 3701
2048, 1.10, 4, 2595, 2605
2048, 1.10, 8, 2583, 2592
2048, 1.10, 16, 4674, 4684
4096, 1.10, 2, 8532, 8566
4096, 1.10, 4, 6323, 6356
4096, 1.10, 8, 17360, 17394
4096, 1.10, 16, 6289, 6323
7680, 1.10, 2, 44763, 44874
7680, 1.10, 4, 35516, 35631
7680, 1.10, 8, 22660, 22772
7680, 1.10, 16, 38389, 38504
10240, 1.10, 2, 48976, 49173
10240, 1.10, 4, 49643, 49842
10240, 1.10, 8, 128477, 128672
10240, 1.10, 16, 66602, 66804
12800, 1.10, 2, 64922, 65239
12800, 1.10, 4, 85496, 85812
12800, 1.10, 8, 99554, 99864
12800, 1.10, 16, 194902, 195222
1024, 1.10, 2, 461, 465
1024, 1.10, 4, 505, 508
1024, 1.10, 8, 1124, 1127
1024, 1.10, 16, 559, 563
2048, 1.10, 2, 1423, 1433
2048, 1.10, 4, 3524, 3534
2048, 1.10, 8, 2553, 2563
2048, 1.10, 16, 2282, 2292
4096, 1.10, 2, 6416, 6451
4096, 1.10, 4, 22877, 22910
4096, 1.10, 8, 10694, 10727
4096, 1.10, 16, 9857, 9892
7680, 1.10, 2, 35389, 35501
7680, 1.10, 4, 24574, 24686
7680, 1.10, 8, 60187, 60305
7680, 1.10, 16, 22091, 22204
10240, 1.10, 2, 46492, 46692
10240, 1.10, 4, 37747, 37942
10240, 1.10, 8, 65951, 66148
10240, 1.10, 16, 39477, 39684
12800, 1.10, 2, 99129, 99447
12800, 1.10, 4, 65050, 65365
12800, 1.10, 8, 100389, 100699
12800, 1.10, 16, 100522, 100833
1024, 1.10, 2, 553, 557
1024, 1.10, 4, 548, 551
1024, 1.10, 8, 1143, 1146
1024, 1.10, 16, 375, 379
2048, 1.10, 2, 3943, 3953
2048, 1.10, 4, 2281, 2291
2048, 1.10, 8, 4986, 4996
2048, 1.10, 16, 4923, 4933
4096, 1.10, 2, 10394, 10428
4096, 1.10, 4, 5461, 5494
4096, 1.10, 8, 9491, 9526
4096, 1.10, 16, 6279, 6312
7680, 1.10, 2, 27144, 27255
7680, 1.10, 4, 25597, 25709
7680, 1.10, 8, 37863, 37974
7680, 1.10, 16, 61455, 61566
10240, 1.10, 2, 66138, 66341
10240, 1.10, 4, 44328, 44526
10240, 1.10, 8, 100256, 100458
10240, 1.10, 16, 60927, 61125
12800, 1.10, 2, 82773, 83088
12800, 1.10, 4, 142100, 142425
12800, 1.10, 8, 67093, 67408
12800, 1.10, 16, 166448, 166774
1024, 1.10, 2, 688, 691
1024, 1.10, 4, 1036, 1040
1024, 1.10, 8, 622, 626
1024, 1.10, 16, 1024, 1028
2048, 1.10, 2, 2279, 2289
2048, 1.10, 4, 1651, 1662
2048, 1.10, 8, 2416, 2426
2048, 1.10, 16, 2357, 2367
4096, 1.10, 2, 12619, 12653
4096, 1.10, 4, 9587, 9620
4096, 1.10, 8, 17437, 17472
4096, 1.10, 16, 11553, 11587
7680, 1.10, 2, 45922, 46036
7680, 1.10, 4, 25858, 25973
7680, 1.10, 8, 38854, 38975
7680, 1.10, 16, 59736, 59851
10240, 1.10, 2, 35134, 35343
10240, 1.10, 4, 37572, 37777
10240, 1.10, 8, 63602, 63810
10240, 1.10, 16, 65024, 65232
12800, 1.10, 2, 76578, 76936
12800, 1.10, 4, 98278, 98588
12800, 1.10, 8, 165770, 166099
12800, 1.10, 16, 162256, 162576
1024, 1.10, 2, 620, 624
1024, 1.10, 4, 371, 375
1024, 1.10, 8, 372, 376
1024, 1.10, 16, 628, 631
2048, 1.10, 2, 2574, 2584
2048, 1.10, 4, 3544, 3555
2048, 1.10, 8, 2188, 2198
2048, 1.10, 16, 2379, 2389
4096, 1.10, 2, 8712, 8762
4096, 1.10, 4, 6976, 7011
4096, 1.10, 8, 10144, 10179
4096, 1.10, 16, 6302, 6337
7680, 1.10, 2, 42512, 42662
7680, 1.10, 4, 35130, 35246
7680, 1.10, 8, 62713, 62835
7680, 1.10, 16, 57779, 57898
10240, 1.10, 2, 35910, 36115
10240, 1.10, 4, 97495, 97706
10240, 1.10, 8, 118107, 118315
10240, 1.10, 16, 63538, 63742
12800, 1.10, 2, 112861, 113180
12800, 1.10, 4, 147337, 147656
12800, 1.10, 8, 95677, 95999
12800, 1.10, 16, 62079, 62401
1024, 1.10, 2, 659, 662
1024, 1.10, 4, 609, 622
1024, 1.10, 8, 679, 682
1024, 1.10, 16, 1032, 1036
2048, 1.10, 2, 5214, 5224
2048, 1.10, 4, 4317, 4327
2048, 1.10, 8, 2463, 2473
2048, 1.10, 16, 2534, 2544
4096, 1.10, 2, 8311, 8346
4096, 1.10, 4, 6620, 6655
4096, 1.10, 8, 6116, 6150
4096, 1.10, 16, 15987, 16021
7680, 1.10, 2, 24427, 24539
7680, 1.10, 4, 31861, 31975
7680, 1.10, 8, 33562, 33676
7680, 1.10, 16, 34338, 34452
10240, 1.10, 2, 45222, 45429
10240, 1.10, 4, 60182, 60384
10240, 1.10, 8, 64816, 65019
10240, 1.10, 16, 40174, 40377
12800, 1.10, 2, 129862, 130184
12800, 1.10, 4, 121892, 122210
12800, 1.10, 8, 62812, 63137
12800, 1.10, 16, 64440, 64766
1024, 1.10, 2, 625, 628
1024, 1.10, 4, 900, 904
1024, 1.10, 8, 622, 626
1024, 1.10, 16, 1040, 1043
2048, 1.10, 2, 1383, 1393
2048, 1.10, 4, 2969, 2979
2048, 1.10, 8, 2358, 2368
2048, 1.10, 16, 4128, 4138
4096, 1.10, 2, 7513, 7547
4096, 1.10, 4, 6862, 6896
4096, 1.10, 8, 13553, 13587
4096, 1.10, 16, 6256, 6290
7680, 1.10, 2, 21215, 21331
7680, 1.10, 4, 26732, 26844
7680, 1.10, 8, 36855, 36970
7680, 1.10, 16, 37288, 37408
10240, 1.10, 2, 91152, 91381
10240, 1.10, 4, 43608, 43822
10240, 1.10, 8, 41070, 41272
10240, 1.10, 16, 127537, 127740
12800, 1.10, 2, 80775, 81097
12800, 1.10, 4, 127204, 127523
12800, 1.10, 8, 60902, 61224
12800, 1.10, 16, 105042, 105352
1024, 1.10, 2, 556, 559
1024, 1.10, 4, 555, 558
1024, 1.10, 8, 544, 547
1024, 1.10, 16, 1000, 1004
2048, 1.10, 2, 2904, 2913
2048, 1.10, 4, 1669, 1679
2048, 1.10, 8, 1557, 1567
2048, 1.10, 16, 2706, 2716
4096, 1.10, 2, 18713, 18748
4096, 1.10, 4, 10924, 10959
4096, 1.10, 8, 9765, 9808
4096, 1.10, 16, 6313, 6348
7680, 1.10, 2, 37776, 37893
7680, 1.10, 4, 52463, 52582
7680, 1.10, 8, 37179, 37298
7680, 1.10, 16, 34762, 34879
10240, 1.10, 2, 58106, 58316
10240, 1.10, 4, 85336, 85584
10240, 1.10, 8, 116072, 116270
10240, 1.10, 16, 42356, 42557
12800, 1.10, 2, 61623, 61954
12800, 1.10, 4, 153466, 153789
12800, 1.10, 8, 63998, 64321
12800, 1.10, 16, 65464, 65797
1024, 1.10, 2, 349, 353
1024, 1.10, 4, 1051, 1054
1024, 1.10, 8, 544, 548
1024, 1.10, 16, 1217, 1221
2048, 1.10, 2, 2389, 2399
2048, 1.10, 4, 2310, 2320
2048, 1.10, 8, 3906, 3915
2048, 1.10, 16, 2789, 2799
4096, 1.10, 2, 10986, 11021
4096, 1.10, 4, 10786, 10822
4096, 1.10, 8, 11567, 11601
4096, 1.10, 16, 10284, 10319
7680, 1.10, 2, 25280, 25398
7680, 1.10, 4, 22071, 22184
7680, 1.10, 8, 71234, 71349
7680, 1.10, 16, 23274, 23390
10240, 1.10, 2, 65946, 66150
10240, 1.10, 4, 114922, 115132
10240, 1.10, 8, 61187, 61399
10240, 1.10, 16, 60704, 60915
12800, 1.10, 2, 120913, 121245
12800, 1.10, 4, 102634, 102958
12800, 1.10, 8, 201432, 201737
12800, 1.10, 16, 199774, 200100
1024, 1.10, 2, 361, 364
1024, 1.10, 4, 455, 458
1024, 1.10, 8, 622, 625
1024, 1.10, 16, 515, 519
2048, 1.10, 2, 2159, 2168
2048, 1.10, 4, 2602, 2612
2048, 1.10, 8, 5189, 5198
2048, 1.10, 16, 4331, 4340
4096, 1.10, 2, 10737, 10771
4096, 1.10, 4, 10496, 10535
4096, 1.10, 8, 10104, 10140
4096, 1.10, 16, 9876, 9912
7680, 1.10, 2, 27059, 27177
7680, 1.10, 4, 25203, 25320
7680, 1.10, 8, 23886, 24001
7680, 1.10, 16, 35917, 36035
10240, 1.10, 2, 37845, 38056
10240, 1.10, 4, 54170, 54378
10240, 1.10, 8, 97420, 97638
10240, 1.10, 16, 66591, 66802
12800, 1.10, 2, 61443, 61773
12800, 1.10, 4, 85929, 86252
12800, 1.10, 8, 145828, 146145
12800, 1.10, 16, 63453, 63779
1024, 1.10, 2, 413, 416
1024, 1.10, 4, 880, 883
1024, 1.10, 8, 651, 654
1024, 1.10, 16, 548, 552
2048, 1.10, 2, 2204, 2213
2048, 1.10, 4, 1510, 1520
2048, 1.10, 8, 1500, 1510
2048, 1.10, 16, 1558, 1568
4096, 1.10, 2, 11289, 11324
4096, 1.10, 4, 17860, 17896
4096, 1.10, 8, 6400, 6435
4096, 1.10, 16, 10124, 10160
7680, 1.10, 2, 26725, 26874
7680, 1.10, 4, 24680, 24800
7680, 1.10, 8, 36911, 37029
7680, 1.10, 16, 39698, 39815
10240, 1.10, 2, 49560, 49768
10240, 1.10, 4, 66818, 67019
10240, 1.10, 8, 93774, 93985
10240, 1.10, 16, 115255, 115465
